geoid_o,geoid_d,visitor_flows,lng_o,lat_d,date_range
AE,06,32,-119.6638458867405,37.21530826027419,03/23/20 - 03/29/20
AF,06,16,-119.6638458867405,37.21530826027419,03/23/20 - 03/29/20
AR,06,8,-119.6638458867405,37.21530826027419,03/23/20 - 03/29/20
AU,06,264,-119.6638458867405,37.21530826027419,03/23/20 - 03/29/20
BN,06,12,-119.6638458867405,37.21530826027419,03/23/20 - 03/29/20
BO,06,12,-119.6638458867405,37.21530826027419,03/23/20 - 03/29/20
BR,06,120,-119.6638458867405,37.21530826027419,03/23/20 - 03/29/20
BS,06,8,-119.6638458867405,37.21530826027419,03/23/20 - 03/29/20
CA,06,1400,-119.6638458867405,37.21530826027419,03/23/20 - 03/29/20
CL,06,4,-119.6638458867405,37.21530826027419,03/23/20 - 03/29/20
CM,06,4,-119.6638458867405,37.21530826027419,03/23/20 - 03/29/20
CN,06,56,-119.6638458867405,37.21530826027419,03/23/20 - 03/29/20
CO,06,92,-119.6638458867405,37.21530826027419,03/23/20 - 03/29/20
CR,06,68,-119.6638458867405,37.21530826027419,03/23/20 - 03/29/20
DO,06,17,-119.6638458867405,37.21530826027419,03/23/20 - 03/29/20
EC,06,8,-119.6638458867405,37.21530826027419,03/23/20 - 03/29/20
EG,06,8,-119.6638458867405,37.21530826027419,03/23/20 - 03/29/20
GH,06,8,-119.6638458867405,37.21530826027419,03/23/20 - 03/29/20
GT,06,21,-119.6638458867405,37.21530826027419,03/23/20 - 03/29/20
GY,06,4,-119.6638458867405,37.21530826027419,03/23/20 - 03/29/20
HN,06,8,-119.6638458867405,37.21530826027419,03/23/20 - 03/29/20
ID,06,155,-119.6638458867405,37.21530826027419,03/23/20 - 03/29/20
IL,06,17,-119.6638458867405,37.21530826027419,03/23/20 - 03/29/20
IN,06,40,-119.6638458867405,37.21530826027419,03/23/20 - 03/29/20
IQ,06,8,-119.6638458867405,37.21530826027419,03/23/20 - 03/29/20
IR,06,4,-119.6638458867405,37.21530826027419,03/23/20 - 03/29/20
JE,06,5,-119.6638458867405,37.21530826027419,03/23/20 - 03/29/20
JM,06,8,-119.6638458867405,37.21530826027419,03/23/20 - 03/29/20
JP,06,147,-119.6638458867405,37.21530826027419,03/23/20 - 03/29/20
KR,06,120,-119.6638458867405,37.21530826027419,03/23/20 - 03/29/20
KW,06,4,-119.6638458867405,37.21530826027419,03/23/20 - 03/29/20
LB,06,8,-119.6638458867405,37.21530826027419,03/23/20 - 03/29/20
MA,06,4,-119.6638458867405,37.21530826027419,03/23/20 - 03/29/20
MV,06,4,-119.6638458867405,37.21530826027419,03/23/20 - 03/29/20
MX,06,12525,-119.6638458867405,37.21530826027419,03/23/20 - 03/29/20
MY,06,40,-119.6638458867405,37.21530826027419,03/23/20 - 03/29/20
NG,06,104,-119.6638458867405,37.21530826027419,03/23/20 - 03/29/20
NI,06,4,-119.6638458867405,37.21530826027419,03/23/20 - 03/29/20
NP,06,8,-119.6638458867405,37.21530826027419,03/23/20 - 03/29/20
NZ,06,69,-119.6638458867405,37.21530826027419,03/23/20 - 03/29/20
PA,06,4,-119.6638458867405,37.21530826027419,03/23/20 - 03/29/20
PE,06,24,-119.6638458867405,37.21530826027419,03/23/20 - 03/29/20
PH,06,92,-119.6638458867405,37.21530826027419,03/23/20 - 03/29/20
PK,06,12,-119.6638458867405,37.21530826027419,03/23/20 - 03/29/20
RU,06,142,-119.6638458867405,37.21530826027419,03/23/20 - 03/29/20
SA,06,8,-119.6638458867405,37.21530826027419,03/23/20 - 03/29/20
SG,06,17,-119.6638458867405,37.21530826027419,03/23/20 - 03/29/20
SV,06,4,-119.6638458867405,37.21530826027419,03/23/20 - 03/29/20
TH,06,8,-119.6638458867405,37.21530826027419,03/23/20 - 03/29/20
TR,06,22,-119.6638458867405,37.21530826027419,03/23/20 - 03/29/20
TW,06,56,-119.6638458867405,37.21530826027419,03/23/20 - 03/29/20
TZ,06,20,-119.6638458867405,37.21530826027419,03/23/20 - 03/29/20
UY,06,4,-119.6638458867405,37.21530826027419,03/23/20 - 03/29/20
VE,06,4,-119.6638458867405,37.21530826027419,03/23/20 - 03/29/20
VN,06,4,-119.6638458867405,37.21530826027419,03/23/20 - 03/29/20
AE,08,4,-105.5478211203382,38.99853159698931,03/23/20 - 03/29/20
AR,08,4,-105.5478211203382,38.99853159698931,03/23/20 - 03/29/20
AU,08,8,-105.5478211203382,38.99853159698931,03/23/20 - 03/29/20
BR,08,8,-105.5478211203382,38.99853159698931,03/23/20 - 03/29/20
CA,08,206,-105.5478211203382,38.99853159698931,03/23/20 - 03/29/20
CO,08,46,-105.5478211203382,38.99853159698931,03/23/20 - 03/29/20
DO,08,4,-105.5478211203382,38.99853159698931,03/23/20 - 03/29/20
GE,08,4,-105.5478211203382,38.99853159698931,03/23/20 - 03/29/20
ID,08,4,-105.5478211203382,38.99853159698931,03/23/20 - 03/29/20
JP,08,9,-105.5478211203382,38.99853159698931,03/23/20 - 03/29/20
KW,08,4,-105.5478211203382,38.99853159698931,03/23/20 - 03/29/20
MX,08,182,-105.5478211203382,38.99853159698931,03/23/20 - 03/29/20
MY,08,4,-105.5478211203382,38.99853159698931,03/23/20 - 03/29/20
NG,08,13,-105.5478211203382,38.99853159698931,03/23/20 - 03/29/20
PE,08,6,-105.5478211203382,38.99853159698931,03/23/20 - 03/29/20
PK,08,4,-105.5478211203382,38.99853159698931,03/23/20 - 03/29/20
SA,08,6,-105.5478211203382,38.99853159698931,03/23/20 - 03/29/20
UY,08,4,-105.5478211203382,38.99853159698931,03/23/20 - 03/29/20
VE,08,4,-105.5478211203382,38.99853159698931,03/23/20 - 03/29/20
VN,08,4,-105.5478211203382,38.99853159698931,03/23/20 - 03/29/20
AE,09,4,-72.73825767764087,41.575164149895755,03/23/20 - 03/29/20
AU,09,4,-72.73825767764087,41.575164149895755,03/23/20 - 03/29/20
BR,09,4,-72.73825767764087,41.575164149895755,03/23/20 - 03/29/20
CA,09,153,-72.73825767764087,41.575164149895755,03/23/20 - 03/29/20
CR,09,4,-72.73825767764087,41.575164149895755,03/23/20 - 03/29/20
ET,09,4,-72.73825767764087,41.575164149895755,03/23/20 - 03/29/20
MX,09,8,-72.73825767764087,41.575164149895755,03/23/20 - 03/29/20
NG,09,8,-72.73825767764087,41.575164149895755,03/23/20 - 03/29/20
PK,09,4,-72.73825767764087,41.575164149895755,03/23/20 - 03/29/20
AE,11,4,-77.0162909035438,38.90477388790585,03/23/20 - 03/29/20
AR,11,4,-77.0162909035438,38.90477388790585,03/23/20 - 03/29/20
AU,11,4,-77.0162909035438,38.90477388790585,03/23/20 - 03/29/20
BR,11,13,-77.0162909035438,38.90477388790585,03/23/20 - 03/29/20
BY,11,5,-77.0162909035438,38.90477388790585,03/23/20 - 03/29/20
CA,11,24,-77.0162909035438,38.90477388790585,03/23/20 - 03/29/20
CO,11,6,-77.0162909035438,38.90477388790585,03/23/20 - 03/29/20
FO,11,4,-77.0162909035438,38.90477388790585,03/23/20 - 03/29/20
ID,11,12,-77.0162909035438,38.90477388790585,03/23/20 - 03/29/20
IN,11,8,-77.0162909035438,38.90477388790585,03/23/20 - 03/29/20
JM,11,4,-77.0162909035438,38.90477388790585,03/23/20 - 03/29/20
JP,11,4,-77.0162909035438,38.90477388790585,03/23/20 - 03/29/20
MX,11,12,-77.0162909035438,38.90477388790585,03/23/20 - 03/29/20
NG,11,4,-77.0162909035438,38.90477388790585,03/23/20 - 03/29/20
PE,11,4,-77.0162909035438,38.90477388790585,03/23/20 - 03/29/20
TR,11,4,-77.0162909035438,38.90477388790585,03/23/20 - 03/29/20
AE,12,31,-82.46641838867941,28.477058414990193,03/23/20 - 03/29/20
AG,12,23,-82.46641838867941,28.477058414990193,03/23/20 - 03/29/20
AR,12,81,-82.46641838867941,28.477058414990193,03/23/20 - 03/29/20
AU,12,17,-82.46641838867941,28.477058414990193,03/23/20 - 03/29/20
BR,12,216,-82.46641838867941,28.477058414990193,03/23/20 - 03/29/20
BS,12,32,-82.46641838867941,28.477058414990193,03/23/20 - 03/29/20
BY,12,4,-82.46641838867941,28.477058414990193,03/23/20 - 03/29/20
BZ,12,8,-82.46641838867941,28.477058414990193,03/23/20 - 03/29/20
CA,12,1127,-82.46641838867941,28.477058414990193,03/23/20 - 03/29/20
CL,12,21,-82.46641838867941,28.477058414990193,03/23/20 - 03/29/20
CN,12,4,-82.46641838867941,28.477058414990193,03/23/20 - 03/29/20
CO,12,170,-82.46641838867941,28.477058414990193,03/23/20 - 03/29/20
CR,12,25,-82.46641838867941,28.477058414990193,03/23/20 - 03/29/20
CU,12,12,-82.46641838867941,28.477058414990193,03/23/20 - 03/29/20
DO,12,16,-82.46641838867941,28.477058414990193,03/23/20 - 03/29/20
EC,12,12,-82.46641838867941,28.477058414990193,03/23/20 - 03/29/20
GD,12,4,-82.46641838867941,28.477058414990193,03/23/20 - 03/29/20
GH,12,4,-82.46641838867941,28.477058414990193,03/23/20 - 03/29/20
GT,12,4,-82.46641838867941,28.477058414990193,03/23/20 - 03/29/20
HN,12,18,-82.46641838867941,28.477058414990193,03/23/20 - 03/29/20
HT,12,4,-82.46641838867941,28.477058414990193,03/23/20 - 03/29/20
ID,12,122,-82.46641838867941,28.477058414990193,03/23/20 - 03/29/20
IL,12,8,-82.46641838867941,28.477058414990193,03/23/20 - 03/29/20
IN,12,4,-82.46641838867941,28.477058414990193,03/23/20 - 03/29/20
IR,12,4,-82.46641838867941,28.477058414990193,03/23/20 - 03/29/20
JM,12,8,-82.46641838867941,28.477058414990193,03/23/20 - 03/29/20
JP,12,17,-82.46641838867941,28.477058414990193,03/23/20 - 03/29/20
KR,12,44,-82.46641838867941,28.477058414990193,03/23/20 - 03/29/20
MA,12,8,-82.46641838867941,28.477058414990193,03/23/20 - 03/29/20
MD,12,4,-82.46641838867941,28.477058414990193,03/23/20 - 03/29/20
MX,12,377,-82.46641838867941,28.477058414990193,03/23/20 - 03/29/20
MY,12,12,-82.46641838867941,28.477058414990193,03/23/20 - 03/29/20
NG,12,35,-82.46641838867941,28.477058414990193,03/23/20 - 03/29/20
NI,12,14,-82.46641838867941,28.477058414990193,03/23/20 - 03/29/20
NZ,12,4,-82.46641838867941,28.477058414990193,03/23/20 - 03/29/20
PA,12,8,-82.46641838867941,28.477058414990193,03/23/20 - 03/29/20
PE,12,30,-82.46641838867941,28.477058414990193,03/23/20 - 03/29/20
PH,12,41,-82.46641838867941,28.477058414990193,03/23/20 - 03/29/20
QA,12,12,-82.46641838867941,28.477058414990193,03/23/20 - 03/29/20
RU,12,12,-82.46641838867941,28.477058414990193,03/23/20 - 03/29/20
SR,12,9,-82.46641838867941,28.477058414990193,03/23/20 - 03/29/20
SV,12,6,-82.46641838867941,28.477058414990193,03/23/20 - 03/29/20
TH,12,6,-82.46641838867941,28.477058414990193,03/23/20 - 03/29/20
TM,12,4,-82.46641838867941,28.477058414990193,03/23/20 - 03/29/20
TR,12,20,-82.46641838867941,28.477058414990193,03/23/20 - 03/29/20
TT,12,4,-82.46641838867941,28.477058414990193,03/23/20 - 03/29/20
TW,12,33,-82.46641838867941,28.477058414990193,03/23/20 - 03/29/20
UA,12,4,-82.46641838867941,28.477058414990193,03/23/20 - 03/29/20
VE,12,12,-82.46641838867941,28.477058414990193,03/23/20 - 03/29/20
AE,13,16,-83.42714021377525,32.63861711465618,03/23/20 - 03/29/20
BR,13,27,-83.42714021377525,32.63861711465618,03/23/20 - 03/29/20
BS,13,8,-83.42714021377525,32.63861711465618,03/23/20 - 03/29/20
CA,13,518,-83.42714021377525,32.63861711465618,03/23/20 - 03/29/20
CL,13,4,-83.42714021377525,32.63861711465618,03/23/20 - 03/29/20
CR,13,9,-83.42714021377525,32.63861711465618,03/23/20 - 03/29/20
EC,13,5,-83.42714021377525,32.63861711465618,03/23/20 - 03/29/20
HN,13,4,-83.42714021377525,32.63861711465618,03/23/20 - 03/29/20
ID,13,12,-83.42714021377525,32.63861711465618,03/23/20 - 03/29/20
IN,13,4,-83.42714021377525,32.63861711465618,03/23/20 - 03/29/20
JM,13,4,-83.42714021377525,32.63861711465618,03/23/20 - 03/29/20
JP,13,8,-83.42714021377525,32.63861711465618,03/23/20 - 03/29/20
KR,13,24,-83.42714021377525,32.63861711465618,03/23/20 - 03/29/20
MX,13,379,-83.42714021377525,32.63861711465618,03/23/20 - 03/29/20
MY,13,4,-83.42714021377525,32.63861711465618,03/23/20 - 03/29/20
NG,13,12,-83.42714021377525,32.63861711465618,03/23/20 - 03/29/20
NP,13,4,-83.42714021377525,32.63861711465618,03/23/20 - 03/29/20
PH,13,4,-83.42714021377525,32.63861711465618,03/23/20 - 03/29/20
QA,13,4,-83.42714021377525,32.63861711465618,03/23/20 - 03/29/20
SA,13,4,-83.42714021377525,32.63861711465618,03/23/20 - 03/29/20
VN,13,4,-83.42714021377525,32.63861711465618,03/23/20 - 03/29/20
AE,17,114,-89.14863899339443,40.124200826969364,03/23/20 - 03/29/20
AU,17,8,-89.14863899339443,40.124200826969364,03/23/20 - 03/29/20
BR,17,55,-89.14863899339443,40.124200826969364,03/23/20 - 03/29/20
BS,17,4,-89.14863899339443,40.124200826969364,03/23/20 - 03/29/20
BY,17,4,-89.14863899339443,40.124200826969364,03/23/20 - 03/29/20
CA,17,1177,-89.14863899339443,40.124200826969364,03/23/20 - 03/29/20
CN,17,4,-89.14863899339443,40.124200826969364,03/23/20 - 03/29/20
CO,17,103,-89.14863899339443,40.124200826969364,03/23/20 - 03/29/20
DO,17,4,-89.14863899339443,40.124200826969364,03/23/20 - 03/29/20
GH,17,4,-89.14863899339443,40.124200826969364,03/23/20 - 03/29/20
IL,17,8,-89.14863899339443,40.124200826969364,03/23/20 - 03/29/20
IN,17,4,-89.14863899339443,40.124200826969364,03/23/20 - 03/29/20
JM,17,4,-89.14863899339443,40.124200826969364,03/23/20 - 03/29/20
JP,17,23,-89.14863899339443,40.124200826969364,03/23/20 - 03/29/20
KE,17,4,-89.14863899339443,40.124200826969364,03/23/20 - 03/29/20
KH,17,4,-89.14863899339443,40.124200826969364,03/23/20 - 03/29/20
KR,17,16,-89.14863899339443,40.124200826969364,03/23/20 - 03/29/20
LB,17,4,-89.14863899339443,40.124200826969364,03/23/20 - 03/29/20
MX,17,523,-89.14863899339443,40.124200826969364,03/23/20 - 03/29/20
MY,17,4,-89.14863899339443,40.124200826969364,03/23/20 - 03/29/20
NG,17,12,-89.14863899339443,40.124200826969364,03/23/20 - 03/29/20
PH,17,8,-89.14863899339443,40.124200826969364,03/23/20 - 03/29/20
QA,17,4,-89.14863899339443,40.124200826969364,03/23/20 - 03/29/20
SG,17,5,-89.14863899339443,40.124200826969364,03/23/20 - 03/29/20
SO,17,8,-89.14863899339443,40.124200826969364,03/23/20 - 03/29/20
TH,17,8,-89.14863899339443,40.124200826969364,03/23/20 - 03/29/20
TW,17,19,-89.14863899339443,40.124200826969364,03/23/20 - 03/29/20
TZ,17,16,-89.14863899339443,40.124200826969364,03/23/20 - 03/29/20
UA,17,4,-89.14863899339443,40.124200826969364,03/23/20 - 03/29/20
AE,18,4,-86.28183838774677,39.919869617318085,03/23/20 - 03/29/20
AR,18,4,-86.28183838774677,39.919869617318085,03/23/20 - 03/29/20
CA,18,1073,-86.28183838774677,39.919869617318085,03/23/20 - 03/29/20
CO,18,13,-86.28183838774677,39.919869617318085,03/23/20 - 03/29/20
ID,18,10,-86.28183838774677,39.919869617318085,03/23/20 - 03/29/20
IN,18,4,-86.28183838774677,39.919869617318085,03/23/20 - 03/29/20
JP,18,8,-86.28183838774677,39.919869617318085,03/23/20 - 03/29/20
MA,18,4,-86.28183838774677,39.919869617318085,03/23/20 - 03/29/20
MX,18,220,-86.28183838774677,39.919869617318085,03/23/20 - 03/29/20
NG,18,8,-86.28183838774677,39.919869617318085,03/23/20 - 03/29/20
PH,18,4,-86.28183838774677,39.919869617318085,03/23/20 - 03/29/20
RU,18,4,-86.28183838774677,39.919869617318085,03/23/20 - 03/29/20
AE,22,9,-91.81423318426776,30.909072897746587,03/23/20 - 03/29/20
AR,22,4,-91.81423318426776,30.909072897746587,03/23/20 - 03/29/20
AU,22,4,-91.81423318426776,30.909072897746587,03/23/20 - 03/29/20
BH,22,4,-91.81423318426776,30.909072897746587,03/23/20 - 03/29/20
BR,22,4,-91.81423318426776,30.909072897746587,03/23/20 - 03/29/20
BS,22,4,-91.81423318426776,30.909072897746587,03/23/20 - 03/29/20
CA,22,67,-91.81423318426776,30.909072897746587,03/23/20 - 03/29/20
CN,22,4,-91.81423318426776,30.909072897746587,03/23/20 - 03/29/20
HN,22,22,-91.81423318426776,30.909072897746587,03/23/20 - 03/29/20
ID,22,8,-91.81423318426776,30.909072897746587,03/23/20 - 03/29/20
MX,22,464,-91.81423318426776,30.909072897746587,03/23/20 - 03/29/20
NI,22,5,-91.81423318426776,30.909072897746587,03/23/20 - 03/29/20
PH,22,5,-91.81423318426776,30.909072897746587,03/23/20 - 03/29/20
TW,22,4,-91.81423318426776,30.909072897746587,03/23/20 - 03/29/20
AE,25,4,-71.503972041848,42.16009326868467,03/23/20 - 03/29/20
AR,25,4,-71.503972041848,42.16009326868467,03/23/20 - 03/29/20
AU,25,8,-71.503972041848,42.16009326868467,03/23/20 - 03/29/20
BR,25,27,-71.503972041848,42.16009326868467,03/23/20 - 03/29/20
CA,25,204,-71.503972041848,42.16009326868467,03/23/20 - 03/29/20
CN,25,8,-71.503972041848,42.16009326868467,03/23/20 - 03/29/20
CO,25,16,-71.503972041848,42.16009326868467,03/23/20 - 03/29/20
CR,25,4,-71.503972041848,42.16009326868467,03/23/20 - 03/29/20
CV,25,8,-71.503972041848,42.16009326868467,03/23/20 - 03/29/20
DO,25,4,-71.503972041848,42.16009326868467,03/23/20 - 03/29/20
ID,25,8,-71.503972041848,42.16009326868467,03/23/20 - 03/29/20
JP,25,12,-71.503972041848,42.16009326868467,03/23/20 - 03/29/20
KR,25,4,-71.503972041848,42.16009326868467,03/23/20 - 03/29/20
KW,25,4,-71.503972041848,42.16009326868467,03/23/20 - 03/29/20
MA,25,4,-71.503972041848,42.16009326868467,03/23/20 - 03/29/20
MX,25,78,-71.503972041848,42.16009326868467,03/23/20 - 03/29/20
MY,25,4,-71.503972041848,42.16009326868467,03/23/20 - 03/29/20
RS,25,4,-71.503972041848,42.16009326868467,03/23/20 - 03/29/20
SG,25,8,-71.503972041848,42.16009326868467,03/23/20 - 03/29/20
TH,25,4,-71.503972041848,42.16009326868467,03/23/20 - 03/29/20
TR,25,4,-71.503972041848,42.16009326868467,03/23/20 - 03/29/20
TW,25,12,-71.503972041848,42.16009326868467,03/23/20 - 03/29/20
TZ,25,4,-71.503972041848,42.16009326868467,03/23/20 - 03/29/20
VN,25,4,-71.503972041848,42.16009326868467,03/23/20 - 03/29/20
ZA,25,4,-71.503972041848,42.16009326868467,03/23/20 - 03/29/20
AE,34,11,-74.65561230865505,40.11017985292258,03/23/20 - 03/29/20
AU,34,8,-74.65561230865505,40.11017985292258,03/23/20 - 03/29/20
BA,34,5,-74.65561230865505,40.11017985292258,03/23/20 - 03/29/20
BR,34,28,-74.65561230865505,40.11017985292258,03/23/20 - 03/29/20
BS,34,4,-74.65561230865505,40.11017985292258,03/23/20 - 03/29/20
CA,34,391,-74.65561230865505,40.11017985292258,03/23/20 - 03/29/20
CO,34,20,-74.65561230865505,40.11017985292258,03/23/20 - 03/29/20
CR,34,8,-74.65561230865505,40.11017985292258,03/23/20 - 03/29/20
DO,34,19,-74.65561230865505,40.11017985292258,03/23/20 - 03/29/20
EG,34,8,-74.65561230865505,40.11017985292258,03/23/20 - 03/29/20
GT,34,12,-74.65561230865505,40.11017985292258,03/23/20 - 03/29/20
HN,34,4,-74.65561230865505,40.11017985292258,03/23/20 - 03/29/20
ID,34,8,-74.65561230865505,40.11017985292258,03/23/20 - 03/29/20
IL,34,15,-74.65561230865505,40.11017985292258,03/23/20 - 03/29/20
IQ,34,72,-74.65561230865505,40.11017985292258,03/23/20 - 03/29/20
JP,34,16,-74.65561230865505,40.11017985292258,03/23/20 - 03/29/20
KE,34,4,-74.65561230865505,40.11017985292258,03/23/20 - 03/29/20
KR,34,16,-74.65561230865505,40.11017985292258,03/23/20 - 03/29/20
KZ,34,4,-74.65561230865505,40.11017985292258,03/23/20 - 03/29/20
MX,34,116,-74.65561230865505,40.11017985292258,03/23/20 - 03/29/20
MY,34,8,-74.65561230865505,40.11017985292258,03/23/20 - 03/29/20
NG,34,8,-74.65561230865505,40.11017985292258,03/23/20 - 03/29/20
NZ,34,4,-74.65561230865505,40.11017985292258,03/23/20 - 03/29/20
OM,34,8,-74.65561230865505,40.11017985292258,03/23/20 - 03/29/20
PK,34,5,-74.65561230865505,40.11017985292258,03/23/20 - 03/29/20
SA,34,8,-74.65561230865505,40.11017985292258,03/23/20 - 03/29/20
SG,34,14,-74.65561230865505,40.11017985292258,03/23/20 - 03/29/20
TR,34,8,-74.65561230865505,40.11017985292258,03/23/20 - 03/29/20
TT,34,4,-74.65561230865505,40.11017985292258,03/23/20 - 03/29/20
TW,34,4,-74.65561230865505,40.11017985292258,03/23/20 - 03/29/20
VN,34,4,-74.65561230865505,40.11017985292258,03/23/20 - 03/29/20
AE,36,40,-75.59654322164518,42.92123354806042,03/23/20 - 03/29/20
AR,36,57,-75.59654322164518,42.92123354806042,03/23/20 - 03/29/20
AU,36,28,-75.59654322164518,42.92123354806042,03/23/20 - 03/29/20
BD,36,28,-75.59654322164518,42.92123354806042,03/23/20 - 03/29/20
BR,36,287,-75.59654322164518,42.92123354806042,03/23/20 - 03/29/20
BS,36,8,-75.59654322164518,42.92123354806042,03/23/20 - 03/29/20
CA,36,1569,-75.59654322164518,42.92123354806042,03/23/20 - 03/29/20
CD,36,4,-75.59654322164518,42.92123354806042,03/23/20 - 03/29/20
CN,36,12,-75.59654322164518,42.92123354806042,03/23/20 - 03/29/20
CO,36,28,-75.59654322164518,42.92123354806042,03/23/20 - 03/29/20
CR,36,36,-75.59654322164518,42.92123354806042,03/23/20 - 03/29/20
DO,36,40,-75.59654322164518,42.92123354806042,03/23/20 - 03/29/20
EC,36,13,-75.59654322164518,42.92123354806042,03/23/20 - 03/29/20
EG,36,28,-75.59654322164518,42.92123354806042,03/23/20 - 03/29/20
GH,36,20,-75.59654322164518,42.92123354806042,03/23/20 - 03/29/20
GT,36,4,-75.59654322164518,42.92123354806042,03/23/20 - 03/29/20
HN,36,12,-75.59654322164518,42.92123354806042,03/23/20 - 03/29/20
ID,36,87,-75.59654322164518,42.92123354806042,03/23/20 - 03/29/20
IL,36,16,-75.59654322164518,42.92123354806042,03/23/20 - 03/29/20
IN,36,20,-75.59654322164518,42.92123354806042,03/23/20 - 03/29/20
IQ,36,26,-75.59654322164518,42.92123354806042,03/23/20 - 03/29/20
IR,36,4,-75.59654322164518,42.92123354806042,03/23/20 - 03/29/20
JP,36,64,-75.59654322164518,42.92123354806042,03/23/20 - 03/29/20
KE,36,8,-75.59654322164518,42.92123354806042,03/23/20 - 03/29/20
KI,36,4,-75.59654322164518,42.92123354806042,03/23/20 - 03/29/20
KR,36,43,-75.59654322164518,42.92123354806042,03/23/20 - 03/29/20
KW,36,4,-75.59654322164518,42.92123354806042,03/23/20 - 03/29/20
LB,36,12,-75.59654322164518,42.92123354806042,03/23/20 - 03/29/20
LK,36,4,-75.59654322164518,42.92123354806042,03/23/20 - 03/29/20
MA,36,20,-75.59654322164518,42.92123354806042,03/23/20 - 03/29/20
MX,36,233,-75.59654322164518,42.92123354806042,03/23/20 - 03/29/20
MY,36,24,-75.59654322164518,42.92123354806042,03/23/20 - 03/29/20
NG,36,121,-75.59654322164518,42.92123354806042,03/23/20 - 03/29/20
NZ,36,4,-75.59654322164518,42.92123354806042,03/23/20 - 03/29/20
OM,36,8,-75.59654322164518,42.92123354806042,03/23/20 - 03/29/20
PA,36,8,-75.59654322164518,42.92123354806042,03/23/20 - 03/29/20
PE,36,24,-75.59654322164518,42.92123354806042,03/23/20 - 03/29/20
PH,36,16,-75.59654322164518,42.92123354806042,03/23/20 - 03/29/20
PK,36,12,-75.59654322164518,42.92123354806042,03/23/20 - 03/29/20
PS,36,12,-75.59654322164518,42.92123354806042,03/23/20 - 03/29/20
RU,36,37,-75.59654322164518,42.92123354806042,03/23/20 - 03/29/20
SA,36,20,-75.59654322164518,42.92123354806042,03/23/20 - 03/29/20
SG,36,24,-75.59654322164518,42.92123354806042,03/23/20 - 03/29/20
SN,36,16,-75.59654322164518,42.92123354806042,03/23/20 - 03/29/20
SV,36,4,-75.59654322164518,42.92123354806042,03/23/20 - 03/29/20
SY,36,22,-75.59654322164518,42.92123354806042,03/23/20 - 03/29/20
TH,36,34,-75.59654322164518,42.92123354806042,03/23/20 - 03/29/20
TR,36,52,-75.59654322164518,42.92123354806042,03/23/20 - 03/29/20
TT,36,8,-75.59654322164518,42.92123354806042,03/23/20 - 03/29/20
TW,36,55,-75.59654322164518,42.92123354806042,03/23/20 - 03/29/20
TZ,36,14,-75.59654322164518,42.92123354806042,03/23/20 - 03/29/20
UA,36,17,-75.59654322164518,42.92123354806042,03/23/20 - 03/29/20
UY,36,4,-75.59654322164518,42.92123354806042,03/23/20 - 03/29/20
UZ,36,8,-75.59654322164518,42.92123354806042,03/23/20 - 03/29/20
VE,36,8,-75.59654322164518,42.92123354806042,03/23/20 - 03/29/20
XK,36,4,-75.59654322164518,42.92123354806042,03/23/20 - 03/29/20
ZA,36,20,-75.59654322164518,42.92123354806042,03/23/20 - 03/29/20
AE,37,4,-79.13090891837648,35.52603039243236,03/23/20 - 03/29/20
BO,37,4,-79.13090891837648,35.52603039243236,03/23/20 - 03/29/20
CA,37,363,-79.13090891837648,35.52603039243236,03/23/20 - 03/29/20
CO,37,8,-79.13090891837648,35.52603039243236,03/23/20 - 03/29/20
CR,37,4,-79.13090891837648,35.52603039243236,03/23/20 - 03/29/20
HN,37,4,-79.13090891837648,35.52603039243236,03/23/20 - 03/29/20
ID,37,4,-79.13090891837648,35.52603039243236,03/23/20 - 03/29/20
IQ,37,4,-79.13090891837648,35.52603039243236,03/23/20 - 03/29/20
JP,37,8,-79.13090891837648,35.52603039243236,03/23/20 - 03/29/20
KR,37,4,-79.13090891837648,35.52603039243236,03/23/20 - 03/29/20
MX,37,180,-79.13090891837648,35.52603039243236,03/23/20 - 03/29/20
NG,37,8,-79.13090891837648,35.52603039243236,03/23/20 - 03/29/20
PE,37,8,-79.13090891837648,35.52603039243236,03/23/20 - 03/29/20
UZ,37,4,-79.13090891837648,35.52603039243236,03/23/20 - 03/29/20
AE,42,24,-77.83893800628347,40.896700506452106,03/23/20 - 03/29/20
AU,42,8,-77.83893800628347,40.896700506452106,03/23/20 - 03/29/20
BH,42,4,-77.83893800628347,40.896700506452106,03/23/20 - 03/29/20
BR,42,24,-77.83893800628347,40.896700506452106,03/23/20 - 03/29/20
BS,42,4,-77.83893800628347,40.896700506452106,03/23/20 - 03/29/20
CA,42,1132,-77.83893800628347,40.896700506452106,03/23/20 - 03/29/20
CO,42,39,-77.83893800628347,40.896700506452106,03/23/20 - 03/29/20
CR,42,8,-77.83893800628347,40.896700506452106,03/23/20 - 03/29/20
DO,42,12,-77.83893800628347,40.896700506452106,03/23/20 - 03/29/20
DZ,42,4,-77.83893800628347,40.896700506452106,03/23/20 - 03/29/20
EG,42,4,-77.83893800628347,40.896700506452106,03/23/20 - 03/29/20
ID,42,21,-77.83893800628347,40.896700506452106,03/23/20 - 03/29/20
IR,42,4,-77.83893800628347,40.896700506452106,03/23/20 - 03/29/20
JM,42,8,-77.83893800628347,40.896700506452106,03/23/20 - 03/29/20
JP,42,4,-77.83893800628347,40.896700506452106,03/23/20 - 03/29/20
KR,42,24,-77.83893800628347,40.896700506452106,03/23/20 - 03/29/20
MX,42,171,-77.83893800628347,40.896700506452106,03/23/20 - 03/29/20
NG,42,4,-77.83893800628347,40.896700506452106,03/23/20 - 03/29/20
OM,42,4,-77.83893800628347,40.896700506452106,03/23/20 - 03/29/20
SA,42,4,-77.83893800628347,40.896700506452106,03/23/20 - 03/29/20
TH,42,4,-77.83893800628347,40.896700506452106,03/23/20 - 03/29/20
TT,42,4,-77.83893800628347,40.896700506452106,03/23/20 - 03/29/20
VN,42,4,-77.83893800628347,40.896700506452106,03/23/20 - 03/29/20
AE,47,29,-86.34341233023729,35.84298014361061,03/23/20 - 03/29/20
AU,47,4,-86.34341233023729,35.84298014361061,03/23/20 - 03/29/20
CA,47,307,-86.34341233023729,35.84298014361061,03/23/20 - 03/29/20
CO,47,4,-86.34341233023729,35.84298014361061,03/23/20 - 03/29/20
ID,47,4,-86.34341233023729,35.84298014361061,03/23/20 - 03/29/20
JP,47,10,-86.34341233023729,35.84298014361061,03/23/20 - 03/29/20
MX,47,340,-86.34341233023729,35.84298014361061,03/23/20 - 03/29/20
NG,47,8,-86.34341233023729,35.84298014361061,03/23/20 - 03/29/20
RU,47,4,-86.34341233023729,35.84298014361061,03/23/20 - 03/29/20
TR,47,4,-86.34341233023729,35.84298014361061,03/23/20 - 03/29/20
AE,48,46,-99.31712096957119,31.447212191842507,03/23/20 - 03/29/20
AR,48,9,-99.31712096957119,31.447212191842507,03/23/20 - 03/29/20
AU,48,105,-99.31712096957119,31.447212191842507,03/23/20 - 03/29/20
BH,48,4,-99.31712096957119,31.447212191842507,03/23/20 - 03/29/20
BO,48,4,-99.31712096957119,31.447212191842507,03/23/20 - 03/29/20
BR,48,97,-99.31712096957119,31.447212191842507,03/23/20 - 03/29/20
BZ,48,4,-99.31712096957119,31.447212191842507,03/23/20 - 03/29/20
CA,48,1699,-99.31712096957119,31.447212191842507,03/23/20 - 03/29/20
CL,48,8,-99.31712096957119,31.447212191842507,03/23/20 - 03/29/20
CN,48,4,-99.31712096957119,31.447212191842507,03/23/20 - 03/29/20
CO,48,20,-99.31712096957119,31.447212191842507,03/23/20 - 03/29/20
CR,48,12,-99.31712096957119,31.447212191842507,03/23/20 - 03/29/20
GT,48,8,-99.31712096957119,31.447212191842507,03/23/20 - 03/29/20
HN,48,41,-99.31712096957119,31.447212191842507,03/23/20 - 03/29/20
ID,48,56,-99.31712096957119,31.447212191842507,03/23/20 - 03/29/20
IL,48,12,-99.31712096957119,31.447212191842507,03/23/20 - 03/29/20
IQ,48,8,-99.31712096957119,31.447212191842507,03/23/20 - 03/29/20
JP,48,67,-99.31712096957119,31.447212191842507,03/23/20 - 03/29/20
KI,48,4,-99.31712096957119,31.447212191842507,03/23/20 - 03/29/20
KZ,48,4,-99.31712096957119,31.447212191842507,03/23/20 - 03/29/20
MA,48,4,-99.31712096957119,31.447212191842507,03/23/20 - 03/29/20
MX,48,12906,-99.31712096957119,31.447212191842507,03/23/20 - 03/29/20
MY,48,9,-99.31712096957119,31.447212191842507,03/23/20 - 03/29/20
NG,48,44,-99.31712096957119,31.447212191842507,03/23/20 - 03/29/20
NZ,48,13,-99.31712096957119,31.447212191842507,03/23/20 - 03/29/20
PE,48,4,-99.31712096957119,31.447212191842507,03/23/20 - 03/29/20
PH,48,28,-99.31712096957119,31.447212191842507,03/23/20 - 03/29/20
PK,48,4,-99.31712096957119,31.447212191842507,03/23/20 - 03/29/20
SA,48,4,-99.31712096957119,31.447212191842507,03/23/20 - 03/29/20
SG,48,4,-99.31712096957119,31.447212191842507,03/23/20 - 03/29/20
SN,48,4,-99.31712096957119,31.447212191842507,03/23/20 - 03/29/20
SV,48,4,-99.31712096957119,31.447212191842507,03/23/20 - 03/29/20
TH,48,20,-99.31712096957119,31.447212191842507,03/23/20 - 03/29/20
TR,48,24,-99.31712096957119,31.447212191842507,03/23/20 - 03/29/20
TW,48,34,-99.31712096957119,31.447212191842507,03/23/20 - 03/29/20
TZ,48,4,-99.31712096957119,31.447212191842507,03/23/20 - 03/29/20
UG,48,4,-99.31712096957119,31.447212191842507,03/23/20 - 03/29/20
VE,48,8,-99.31712096957119,31.447212191842507,03/23/20 - 03/29/20
VN,48,8,-99.31712096957119,31.447212191842507,03/23/20 - 03/29/20
ZA,48,4,-99.31712096957119,31.447212191842507,03/23/20 - 03/29/20
AE,51,44,-78.66634949421768,37.510873096830124,03/23/20 - 03/29/20
AF,51,4,-78.66634949421768,37.510873096830124,03/23/20 - 03/29/20
AU,51,32,-78.66634949421768,37.510873096830124,03/23/20 - 03/29/20
BH,51,4,-78.66634949421768,37.510873096830124,03/23/20 - 03/29/20
BY,51,8,-78.66634949421768,37.510873096830124,03/23/20 - 03/29/20
CA,51,539,-78.66634949421768,37.510873096830124,03/23/20 - 03/29/20
CL,51,4,-78.66634949421768,37.510873096830124,03/23/20 - 03/29/20
CO,51,14,-78.66634949421768,37.510873096830124,03/23/20 - 03/29/20
CR,51,4,-78.66634949421768,37.510873096830124,03/23/20 - 03/29/20
DO,51,4,-78.66634949421768,37.510873096830124,03/23/20 - 03/29/20
GH,51,4,-78.66634949421768,37.510873096830124,03/23/20 - 03/29/20
ID,51,4,-78.66634949421768,37.510873096830124,03/23/20 - 03/29/20
IL,51,4,-78.66634949421768,37.510873096830124,03/23/20 - 03/29/20
JP,51,12,-78.66634949421768,37.510873096830124,03/23/20 - 03/29/20
KR,51,32,-78.66634949421768,37.510873096830124,03/23/20 - 03/29/20
MX,51,159,-78.66634949421768,37.510873096830124,03/23/20 - 03/29/20
NG,51,8,-78.66634949421768,37.510873096830124,03/23/20 - 03/29/20
OM,51,8,-78.66634949421768,37.510873096830124,03/23/20 - 03/29/20
RU,51,4,-78.66634949421768,37.510873096830124,03/23/20 - 03/29/20
SA,51,4,-78.66634949421768,37.510873096830124,03/23/20 - 03/29/20
TN,51,4,-78.66634949421768,37.510873096830124,03/23/20 - 03/29/20
TR,51,12,-78.66634949421768,37.510873096830124,03/23/20 - 03/29/20
UA,51,4,-78.66634949421768,37.510873096830124,03/23/20 - 03/29/20
ZA,51,4,-78.66634949421768,37.510873096830124,03/23/20 - 03/29/20
AE,53,8,-120.59289987466929,47.41163921872467,03/23/20 - 03/29/20
AU,53,4,-120.59289987466929,47.41163921872467,03/23/20 - 03/29/20
BR,53,16,-120.59289987466929,47.41163921872467,03/23/20 - 03/29/20
BS,53,7,-120.59289987466929,47.41163921872467,03/23/20 - 03/29/20
CA,53,786,-120.59289987466929,47.41163921872467,03/23/20 - 03/29/20
CL,53,4,-120.59289987466929,47.41163921872467,03/23/20 - 03/29/20
CO,53,47,-120.59289987466929,47.41163921872467,03/23/20 - 03/29/20
CU,53,5,-120.59289987466929,47.41163921872467,03/23/20 - 03/29/20
EG,53,4,-120.59289987466929,47.41163921872467,03/23/20 - 03/29/20
ID,53,9,-120.59289987466929,47.41163921872467,03/23/20 - 03/29/20
IR,53,4,-120.59289987466929,47.41163921872467,03/23/20 - 03/29/20
JP,53,61,-120.59289987466929,47.41163921872467,03/23/20 - 03/29/20
KR,53,8,-120.59289987466929,47.41163921872467,03/23/20 - 03/29/20
MA,53,8,-120.59289987466929,47.41163921872467,03/23/20 - 03/29/20
MX,53,157,-120.59289987466929,47.41163921872467,03/23/20 - 03/29/20
MY,53,4,-120.59289987466929,47.41163921872467,03/23/20 - 03/29/20
NG,53,8,-120.59289987466929,47.41163921872467,03/23/20 - 03/29/20
OM,53,4,-120.59289987466929,47.41163921872467,03/23/20 - 03/29/20
SG,53,12,-120.59289987466929,47.41163921872467,03/23/20 - 03/29/20
SO,53,13,-120.59289987466929,47.41163921872467,03/23/20 - 03/29/20
TH,53,4,-120.59289987466929,47.41163921872467,03/23/20 - 03/29/20
TR,53,4,-120.59289987466929,47.41163921872467,03/23/20 - 03/29/20
TW,53,8,-120.59289987466929,47.41163921872467,03/23/20 - 03/29/20
UA,53,17,-120.59289987466929,47.41163921872467,03/23/20 - 03/29/20
ZA,53,4,-120.59289987466929,47.41163921872467,03/23/20 - 03/29/20
AF,24,4,-76.68717734070172,38.94649396258224,03/23/20 - 03/29/20
AU,24,4,-76.68717734070172,38.94649396258224,03/23/20 - 03/29/20
CA,24,175,-76.68717734070172,38.94649396258224,03/23/20 - 03/29/20
CO,24,32,-76.68717734070172,38.94649396258224,03/23/20 - 03/29/20
CU,24,4,-76.68717734070172,38.94649396258224,03/23/20 - 03/29/20
DO,24,9,-76.68717734070172,38.94649396258224,03/23/20 - 03/29/20
GH,24,4,-76.68717734070172,38.94649396258224,03/23/20 - 03/29/20
HN,24,4,-76.68717734070172,38.94649396258224,03/23/20 - 03/29/20
ID,24,7,-76.68717734070172,38.94649396258224,03/23/20 - 03/29/20
IR,24,4,-76.68717734070172,38.94649396258224,03/23/20 - 03/29/20
JP,24,4,-76.68717734070172,38.94649396258224,03/23/20 - 03/29/20
MX,24,69,-76.68717734070172,38.94649396258224,03/23/20 - 03/29/20
NG,24,4,-76.68717734070172,38.94649396258224,03/23/20 - 03/29/20
PH,24,4,-76.68717734070172,38.94649396258224,03/23/20 - 03/29/20
UG,24,4,-76.68717734070172,38.94649396258224,03/23/20 - 03/29/20
ZA,24,4,-76.68717734070172,38.94649396258224,03/23/20 - 03/29/20
AR,04,33,-111.6644603390921,34.29309519459149,03/23/20 - 03/29/20
BY,04,4,-111.6644603390921,34.29309519459149,03/23/20 - 03/29/20
CA,04,711,-111.6644603390921,34.29309519459149,03/23/20 - 03/29/20
CR,04,4,-111.6644603390921,34.29309519459149,03/23/20 - 03/29/20
JP,04,28,-111.6644603390921,34.29309519459149,03/23/20 - 03/29/20
MX,04,2030,-111.6644603390921,34.29309519459149,03/23/20 - 03/29/20
NG,04,8,-111.6644603390921,34.29309519459149,03/23/20 - 03/29/20
PE,04,4,-111.6644603390921,34.29309519459149,03/23/20 - 03/29/20
PH,04,4,-111.6644603390921,34.29309519459149,03/23/20 - 03/29/20
SG,04,13,-111.6644603390921,34.29309519459149,03/23/20 - 03/29/20
TR,04,4,-111.6644603390921,34.29309519459149,03/23/20 - 03/29/20
UG,04,8,-111.6644603390921,34.29309519459149,03/23/20 - 03/29/20
AR,29,4,-92.4774251950813,38.3676304410753,03/23/20 - 03/29/20
AU,29,4,-92.4774251950813,38.3676304410753,03/23/20 - 03/29/20
BR,29,8,-92.4774251950813,38.3676304410753,03/23/20 - 03/29/20
CA,29,632,-92.4774251950813,38.3676304410753,03/23/20 - 03/29/20
CR,29,4,-92.4774251950813,38.3676304410753,03/23/20 - 03/29/20
JM,29,4,-92.4774251950813,38.3676304410753,03/23/20 - 03/29/20
JP,29,32,-92.4774251950813,38.3676304410753,03/23/20 - 03/29/20
MX,29,310,-92.4774251950813,38.3676304410753,03/23/20 - 03/29/20
NG,29,16,-92.4774251950813,38.3676304410753,03/23/20 - 03/29/20
SA,29,4,-92.4774251950813,38.3676304410753,03/23/20 - 03/29/20
AR,39,4,-82.70937700691621,40.415486910016135,03/23/20 - 03/29/20
BR,39,7,-82.70937700691621,40.415486910016135,03/23/20 - 03/29/20
BS,39,4,-82.70937700691621,40.415486910016135,03/23/20 - 03/29/20
CA,39,1026,-82.70937700691621,40.415486910016135,03/23/20 - 03/29/20
CO,39,17,-82.70937700691621,40.415486910016135,03/23/20 - 03/29/20
CR,39,4,-82.70937700691621,40.415486910016135,03/23/20 - 03/29/20
GH,39,4,-82.70937700691621,40.415486910016135,03/23/20 - 03/29/20
HN,39,4,-82.70937700691621,40.415486910016135,03/23/20 - 03/29/20
IN,39,4,-82.70937700691621,40.415486910016135,03/23/20 - 03/29/20
JP,39,20,-82.70937700691621,40.415486910016135,03/23/20 - 03/29/20
LK,39,4,-82.70937700691621,40.415486910016135,03/23/20 - 03/29/20
MK,39,4,-82.70937700691621,40.415486910016135,03/23/20 - 03/29/20
MX,39,257,-82.70937700691621,40.415486910016135,03/23/20 - 03/29/20
NG,39,20,-82.70937700691621,40.415486910016135,03/23/20 - 03/29/20
NZ,39,4,-82.70937700691621,40.415486910016135,03/23/20 - 03/29/20
TR,39,4,-82.70937700691621,40.415486910016135,03/23/20 - 03/29/20
AU,05,4,-92.43923686174863,34.8997724175194,03/23/20 - 03/29/20
BR,05,4,-92.43923686174863,34.8997724175194,03/23/20 - 03/29/20
CA,05,380,-92.43923686174863,34.8997724175194,03/23/20 - 03/29/20
KR,05,8,-92.43923686174863,34.8997724175194,03/23/20 - 03/29/20
MX,05,528,-92.43923686174863,34.8997724175194,03/23/20 - 03/29/20
NG,05,8,-92.43923686174863,34.8997724175194,03/23/20 - 03/29/20
AU,15,87,-158.1099738068461,20.995111199008356,03/23/20 - 03/29/20
BR,15,4,-158.1099738068461,20.995111199008356,03/23/20 - 03/29/20
CA,15,85,-158.1099738068461,20.995111199008356,03/23/20 - 03/29/20
GT,15,4,-158.1099738068461,20.995111199008356,03/23/20 - 03/29/20
ID,15,8,-158.1099738068461,20.995111199008356,03/23/20 - 03/29/20
IN,15,8,-158.1099738068461,20.995111199008356,03/23/20 - 03/29/20
JP,15,157,-158.1099738068461,20.995111199008356,03/23/20 - 03/29/20
KR,15,32,-158.1099738068461,20.995111199008356,03/23/20 - 03/29/20
MX,15,29,-158.1099738068461,20.995111199008356,03/23/20 - 03/29/20
MY,15,21,-158.1099738068461,20.995111199008356,03/23/20 - 03/29/20
NZ,15,9,-158.1099738068461,20.995111199008356,03/23/20 - 03/29/20
AU,16,4,-114.6594139607683,44.389055086057056,03/23/20 - 03/29/20
CA,16,417,-114.6594139607683,44.389055086057056,03/23/20 - 03/29/20
CL,16,4,-114.6594139607683,44.389055086057056,03/23/20 - 03/29/20
JP,16,4,-114.6594139607683,44.389055086057056,03/23/20 - 03/29/20
MX,16,28,-114.6594139607683,44.389055086057056,03/23/20 - 03/29/20
NZ,16,4,-114.6594139607683,44.389055086057056,03/23/20 - 03/29/20
AU,26,4,-85.73095291151436,44.874773603554175,03/23/20 - 03/29/20
BD,26,4,-85.73095291151436,44.874773603554175,03/23/20 - 03/29/20
BR,26,4,-85.73095291151436,44.874773603554175,03/23/20 - 03/29/20
CA,26,1672,-85.73095291151436,44.874773603554175,03/23/20 - 03/29/20
CO,26,17,-85.73095291151436,44.874773603554175,03/23/20 - 03/29/20
EC,26,4,-85.73095291151436,44.874773603554175,03/23/20 - 03/29/20
HN,26,4,-85.73095291151436,44.874773603554175,03/23/20 - 03/29/20
ID,26,12,-85.73095291151436,44.874773603554175,03/23/20 - 03/29/20
IQ,26,7,-85.73095291151436,44.874773603554175,03/23/20 - 03/29/20
JP,26,42,-85.73095291151436,44.874773603554175,03/23/20 - 03/29/20
KR,26,4,-85.73095291151436,44.874773603554175,03/23/20 - 03/29/20
MX,26,170,-85.73095291151436,44.874773603554175,03/23/20 - 03/29/20
PK,26,4,-85.73095291151436,44.874773603554175,03/23/20 - 03/29/20
UA,26,4,-85.73095291151436,44.874773603554175,03/23/20 - 03/29/20
VN,26,4,-85.73095291151436,44.874773603554175,03/23/20 - 03/29/20
AU,33,12,-71.57124316745634,43.6802370603039,03/23/20 - 03/29/20
CA,33,100,-71.57124316745634,43.6802370603039,03/23/20 - 03/29/20
CO,33,4,-71.57124316745634,43.6802370603039,03/23/20 - 03/29/20
ID,33,4,-71.57124316745634,43.6802370603039,03/23/20 - 03/29/20
KE,33,4,-71.57124316745634,43.6802370603039,03/23/20 - 03/29/20
MX,33,4,-71.57124316745634,43.6802370603039,03/23/20 - 03/29/20
AU,41,4,-120.60525631019901,43.94045138675371,03/23/20 - 03/29/20
CA,41,305,-120.60525631019901,43.94045138675371,03/23/20 - 03/29/20
CN,41,4,-120.60525631019901,43.94045138675371,03/23/20 - 03/29/20
CO,41,23,-120.60525631019901,43.94045138675371,03/23/20 - 03/29/20
ID,41,4,-120.60525631019901,43.94045138675371,03/23/20 - 03/29/20
IN,41,4,-120.60525631019901,43.94045138675371,03/23/20 - 03/29/20
IQ,41,12,-120.60525631019901,43.94045138675371,03/23/20 - 03/29/20
JP,41,29,-120.60525631019901,43.94045138675371,03/23/20 - 03/29/20
KR,41,4,-120.60525631019901,43.94045138675371,03/23/20 - 03/29/20
MX,41,164,-120.60525631019901,43.94045138675371,03/23/20 - 03/29/20
RU,41,4,-120.60525631019901,43.94045138675371,03/23/20 - 03/29/20
AU,49,9,-111.67824995489637,39.32376871301901,03/23/20 - 03/29/20
BR,49,8,-111.67824995489637,39.32376871301901,03/23/20 - 03/29/20
CA,49,415,-111.67824995489637,39.32376871301901,03/23/20 - 03/29/20
CO,49,13,-111.67824995489637,39.32376871301901,03/23/20 - 03/29/20
EC,49,8,-111.67824995489637,39.32376871301901,03/23/20 - 03/29/20
JP,49,12,-111.67824995489637,39.32376871301901,03/23/20 - 03/29/20
KR,49,4,-111.67824995489637,39.32376871301901,03/23/20 - 03/29/20
MX,49,103,-111.67824995489637,39.32376871301901,03/23/20 - 03/29/20
NG,49,4,-111.67824995489637,39.32376871301901,03/23/20 - 03/29/20
BR,01,13,-86.8445209956579,32.75687994183124,03/23/20 - 03/29/20
CA,01,124,-86.8445209956579,32.75687994183124,03/23/20 - 03/29/20
CR,01,16,-86.8445209956579,32.75687994183124,03/23/20 - 03/29/20
ID,01,12,-86.8445209956579,32.75687994183124,03/23/20 - 03/29/20
IQ,01,4,-86.8445209956579,32.75687994183124,03/23/20 - 03/29/20
KR,01,4,-86.8445209956579,32.75687994183124,03/23/20 - 03/29/20
MX,01,303,-86.8445209956579,32.75687994183124,03/23/20 - 03/29/20
OM,01,26,-86.8445209956579,32.75687994183124,03/23/20 - 03/29/20
BR,19,4,-93.50009011569544,42.07464832674591,03/23/20 - 03/29/20
CA,19,393,-93.50009011569544,42.07464832674591,03/23/20 - 03/29/20
CO,19,4,-93.50009011569544,42.07464832674591,03/23/20 - 03/29/20
EC,19,8,-93.50009011569544,42.07464832674591,03/23/20 - 03/29/20
IN,19,4,-93.50009011569544,42.07464832674591,03/23/20 - 03/29/20
IQ,19,4,-93.50009011569544,42.07464832674591,03/23/20 - 03/29/20
IR,19,4,-93.50009011569544,42.07464832674591,03/23/20 - 03/29/20
MX,19,55,-93.50009011569544,42.07464832674591,03/23/20 - 03/29/20
NG,19,4,-93.50009011569544,42.07464832674591,03/23/20 - 03/29/20
BR,27,4,-94.19830560457335,46.3491103788664,03/23/20 - 03/29/20
CA,27,659,-94.19830560457335,46.3491103788664,03/23/20 - 03/29/20
CO,27,22,-94.19830560457335,46.3491103788664,03/23/20 - 03/29/20
IQ,27,4,-94.19830560457335,46.3491103788664,03/23/20 - 03/29/20
JP,27,9,-94.19830560457335,46.3491103788664,03/23/20 - 03/29/20
MX,27,78,-94.19830560457335,46.3491103788664,03/23/20 - 03/29/20
MY,27,5,-94.19830560457335,46.3491103788664,03/23/20 - 03/29/20
NG,27,13,-94.19830560457335,46.3491103788664,03/23/20 - 03/29/20
PE,27,8,-94.19830560457335,46.3491103788664,03/23/20 - 03/29/20
SO,27,12,-94.19830560457335,46.3491103788664,03/23/20 - 03/29/20
TZ,27,12,-94.19830560457335,46.3491103788664,03/23/20 - 03/29/20
UA,27,4,-94.19830560457335,46.3491103788664,03/23/20 - 03/29/20
BR,31,8,-99.81085586033895,41.527151125231704,03/23/20 - 03/29/20
CA,31,312,-99.81085586033895,41.527151125231704,03/23/20 - 03/29/20
CR,31,4,-99.81085586033895,41.527151125231704,03/23/20 - 03/29/20
EG,31,4,-99.81085586033895,41.527151125231704,03/23/20 - 03/29/20
MX,31,43,-99.81085586033895,41.527151125231704,03/23/20 - 03/29/20
TH,31,4,-99.81085586033895,41.527151125231704,03/23/20 - 03/29/20
BR,32,73,-116.65524866805762,39.356185873030874,03/23/20 - 03/29/20
CA,32,373,-116.65524866805762,39.356185873030874,03/23/20 - 03/29/20
CN,32,8,-116.65524866805762,39.356185873030874,03/23/20 - 03/29/20
DO,32,4,-116.65524866805762,39.356185873030874,03/23/20 - 03/29/20
EG,32,4,-116.65524866805762,39.356185873030874,03/23/20 - 03/29/20
GH,32,4,-116.65524866805762,39.356185873030874,03/23/20 - 03/29/20
ID,32,24,-116.65524866805762,39.356185873030874,03/23/20 - 03/29/20
IN,32,12,-116.65524866805762,39.356185873030874,03/23/20 - 03/29/20
IR,32,4,-116.65524866805762,39.356185873030874,03/23/20 - 03/29/20
JP,32,8,-116.65524866805762,39.356185873030874,03/23/20 - 03/29/20
MX,32,173,-116.65524866805762,39.356185873030874,03/23/20 - 03/29/20
NG,32,4,-116.65524866805762,39.356185873030874,03/23/20 - 03/29/20
SD,32,4,-116.65524866805762,39.356185873030874,03/23/20 - 03/29/20
SY,32,4,-116.65524866805762,39.356185873030874,03/23/20 - 03/29/20
VN,32,8,-116.65524866805762,39.356185873030874,03/23/20 - 03/29/20
BR,54,4,-80.61370689717069,38.64256709677395,03/23/20 - 03/29/20
CA,54,173,-80.61370689717069,38.64256709677395,03/23/20 - 03/29/20
DZ,54,4,-80.61370689717069,38.64256709677395,03/23/20 - 03/29/20
MX,54,16,-80.61370689717069,38.64256709677395,03/23/20 - 03/29/20
MY,54,4,-80.61370689717069,38.64256709677395,03/23/20 - 03/29/20
NG,54,4,-80.61370689717069,38.64256709677395,03/23/20 - 03/29/20
ZA,54,4,-80.61370689717069,38.64256709677395,03/23/20 - 03/29/20
BR,55,4,-89.73293305821664,44.63994410730462,03/23/20 - 03/29/20
CA,55,545,-89.73293305821664,44.63994410730462,03/23/20 - 03/29/20
JM,55,4,-89.73293305821664,44.63994410730462,03/23/20 - 03/29/20
KR,55,5,-89.73293305821664,44.63994410730462,03/23/20 - 03/29/20
MX,55,95,-89.73293305821664,44.63994410730462,03/23/20 - 03/29/20
NG,55,16,-89.73293305821664,44.63994410730462,03/23/20 - 03/29/20
SA,55,4,-89.73293305821664,44.63994410730462,03/23/20 - 03/29/20
SN,55,4,-89.73293305821664,44.63994410730462,03/23/20 - 03/29/20
TR,55,4,-89.73293305821664,44.63994410730462,03/23/20 - 03/29/20
TW,55,4,-89.73293305821664,44.63994410730462,03/23/20 - 03/29/20
VN,55,4,-89.73293305821664,44.63994410730462,03/23/20 - 03/29/20
BS,28,4,-89.6533594096457,32.712892273261986,03/23/20 - 03/29/20
CA,28,77,-89.6533594096457,32.712892273261986,03/23/20 - 03/29/20
ID,28,4,-89.6533594096457,32.712892273261986,03/23/20 - 03/29/20
MX,28,220,-89.6533594096457,32.712892273261986,03/23/20 - 03/29/20
PH,28,4,-89.6533594096457,32.712892273261986,03/23/20 - 03/29/20
TH,28,4,-89.6533594096457,32.712892273261986,03/23/20 - 03/29/20
BS,45,4,-80.86459715523999,33.87785606967731,03/23/20 - 03/29/20
CA,45,420,-80.86459715523999,33.87785606967731,03/23/20 - 03/29/20
CO,45,4,-80.86459715523999,33.87785606967731,03/23/20 - 03/29/20
KR,45,4,-80.86459715523999,33.87785606967731,03/23/20 - 03/29/20
MX,45,191,-80.86459715523999,33.87785606967731,03/23/20 - 03/29/20
NG,45,4,-80.86459715523999,33.87785606967731,03/23/20 - 03/29/20
PE,45,4,-80.86459715523999,33.87785606967731,03/23/20 - 03/29/20
CA,10,41,-75.45249262811352,38.99497528640457,03/23/20 - 03/29/20
GH,10,4,-75.45249262811352,38.99497528640457,03/23/20 - 03/29/20
MX,10,4,-75.45249262811352,38.99497528640457,03/23/20 - 03/29/20
UZ,10,5,-75.45249262811352,38.99497528640457,03/23/20 - 03/29/20
CA,20,197,-98.38015540415404,38.484727072453566,03/23/20 - 03/29/20
CR,20,4,-98.38015540415404,38.484727072453566,03/23/20 - 03/29/20
JM,20,4,-98.38015540415404,38.484727072453566,03/23/20 - 03/29/20
JP,20,4,-98.38015540415404,38.484727072453566,03/23/20 - 03/29/20
MX,20,119,-98.38015540415404,38.484727072453566,03/23/20 - 03/29/20
NG,20,4,-98.38015540415404,38.484727072453566,03/23/20 - 03/29/20
TZ,20,4,-98.38015540415404,38.484727072453566,03/23/20 - 03/29/20
VN,20,4,-98.38015540415404,38.484727072453566,03/23/20 - 03/29/20
CA,21,440,-85.29055223275348,37.5266141736611,03/23/20 - 03/29/20
DO,21,8,-85.29055223275348,37.5266141736611,03/23/20 - 03/29/20
JP,21,4,-85.29055223275348,37.5266141736611,03/23/20 - 03/29/20
MX,21,224,-85.29055223275348,37.5266141736611,03/23/20 - 03/29/20
NG,21,4,-85.29055223275348,37.5266141736611,03/23/20 - 03/29/20
PE,21,15,-85.29055223275348,37.5266141736611,03/23/20 - 03/29/20
SA,21,4,-85.29055223275348,37.5266141736611,03/23/20 - 03/29/20
UZ,21,4,-85.29055223275348,37.5266141736611,03/23/20 - 03/29/20
CA,23,254,-69.20275986278288,45.27432853102379,03/23/20 - 03/29/20
CO,23,4,-69.20275986278288,45.27432853102379,03/23/20 - 03/29/20
MX,23,4,-69.20275986278288,45.27432853102379,03/23/20 - 03/29/20
CA,30,837,-109.64520698796639,47.03342111039991,03/23/20 - 03/29/20
MX,30,4,-109.64520698796639,47.03342111039991,03/23/20 - 03/29/20
NG,30,4,-109.64520698796639,47.03342111039991,03/23/20 - 03/29/20
CA,35,398,-106.1084438818861,34.42130099474041,03/23/20 - 03/29/20
CO,35,9,-106.1084438818861,34.42130099474041,03/23/20 - 03/29/20
JP,35,4,-106.1084438818861,34.42130099474041,03/23/20 - 03/29/20
MX,35,402,-106.1084438818861,34.42130099474041,03/23/20 - 03/29/20
VN,35,4,-106.1084438818861,34.42130099474041,03/23/20 - 03/29/20
CA,38,870,-100.4693907950372,47.446310421753914,03/23/20 - 03/29/20
CR,38,4,-100.4693907950372,47.446310421753914,03/23/20 - 03/29/20
MX,38,4,-100.4693907950372,47.446310421753914,03/23/20 - 03/29/20
CA,40,448,-97.50822793037422,35.583464652524235,03/23/20 - 03/29/20
ET,40,4,-97.50822793037422,35.583464652524235,03/23/20 - 03/29/20
MA,40,4,-97.50822793037422,35.583464652524235,03/23/20 - 03/29/20
MX,40,240,-97.50822793037422,35.583464652524235,03/23/20 - 03/29/20
OM,40,8,-97.50822793037422,35.583464652524235,03/23/20 - 03/29/20
TR,40,8,-97.50822793037422,35.583464652524235,03/23/20 - 03/29/20
CA,44,12,-71.52472355562169,41.59463889844585,03/23/20 - 03/29/20
DO,44,4,-71.52472355562169,41.59463889844585,03/23/20 - 03/29/20
KR,44,4,-71.52472355562169,41.59463889844585,03/23/20 - 03/29/20
NG,44,8,-71.52472355562169,41.59463889844585,03/23/20 - 03/29/20
SV,44,4,-71.52472355562169,41.59463889844585,03/23/20 - 03/29/20
CA,46,366,-100.23046550270404,44.43613758926095,03/23/20 - 03/29/20
ID,46,4,-100.23046550270404,44.43613758926095,03/23/20 - 03/29/20
IN,46,4,-100.23046550270404,44.43613758926095,03/23/20 - 03/29/20
MX,46,8,-100.23046550270404,44.43613758926095,03/23/20 - 03/29/20
MY,46,4,-100.23046550270404,44.43613758926095,03/23/20 - 03/29/20
CA,50,99,-72.66263037415419,44.075248233178044,03/23/20 - 03/29/20
MX,50,4,-72.66263037415419,44.075248233178044,03/23/20 - 03/29/20
CA,56,213,-107.55139421018254,42.9995374625361,03/23/20 - 03/29/20
ID,56,4,-107.55139421018254,42.9995374625361,03/23/20 - 03/29/20
MX,56,16,-107.55139421018254,42.9995374625361,03/23/20 - 03/29/20
NG,56,8,-107.55139421018254,42.9995374625361,03/23/20 - 03/29/20
CN,02,4,-151.59342192189865,63.742989015090714,03/23/20 - 03/29/20
JP,02,4,-151.59342192189865,63.742989015090714,03/23/20 - 03/29/20
NG,02,4,-151.59342192189865,63.742989015090714,03/23/20 - 03/29/20
PH,02,4,-151.59342192189865,63.742989015090714,03/23/20 - 03/29/20
TH,02,4,-151.59342192189865,63.742989015090714,03/23/20 - 03/29/20
TW,02,4,-151.59342192189865,63.742989015090714,03/23/20 - 03/29/20
DO,72,4,-66.41466678397286,18.21569833731172,03/23/20 - 03/29/20
KN,72,4,-66.41466678397286,18.21569833731172,03/23/20 - 03/29/20
UA,72,4,-66.41466678397286,18.21569833731172,03/23/20 - 03/29/20
